./colorpushbutton.cpp; 18
./colorpushbutton.h; 25
./colorselectpushbutton.cpp; 20
./colorselectpushbutton.h; 21
./debug/moc_colorpushbutton.cpp; 81
./debug/moc_colorselectpushbutton.cpp; 105
./debug/moc_imageanalyzertest.cpp; 94
./debug/moc_indexthread.cpp; 124
./debug/moc_mainwindow.cpp; 106
./debug/moc_pixmaplabel.cpp; 81
./debug/moc_searchthread.cpp; 104
./debug/moc_sqlquery.cpp; 0
./imageanalyzer.cpp; 99
./imageanalyzer.h; 36
./imageanalyzertest.cpp; 86
./imageanalyzertest.h; 28
./indexjob.cpp; 200
./indexjob.h; 67
./indexjobs.cpp; 49
./indexjobs.h; 29
./indexthread.cpp; 131
./indexthread.h; 43
./main.cpp; 125
./mainwindow.cpp; 114
./mainwindow.h; 42
./pixmaplabel.cpp; 84
./pixmaplabel.h; 36
./searchresultmodel.cpp; 77
./searchresultmodel.h; 31
./searchthread.cpp; 111
./searchthread.h; 38
./sqlquery.cpp; 15
./sqlquery.h; 16
./ui_imageanalyzertest.h; 84
./ui_mainwindow.h; 168
